Nome,Telefone,Numero da passagem,Horario de ida,Horario de volta,Destino,Origem
Ana Silva,(11) 91234-5678,1001,08:00,18:00,Rio de Janeiro,São Paulo
Bruno Costa,(21) 98765-4321,1002,09:00,19:00,São Paulo,Rio de Janeiro
Carla Santos,(31) 99876-5432,1003,10:00,20:00,Belo Horizonte,Curitiba
Diego Almeida,(41) 98765-1234,1004,11:00,21:00,Curitiba,Belo Horizonte
Elisa Pereira,(51) 91234-8765,1005,12:00,22:00,Porto Alegre,Brasília
Fernando Lima,(61) 99876-1122,1006,13:00,23:00,Brasília,Salvador
Gabriela Souza,(71) 98765-3344,1007,14:00,00:00,Salvador,Porto Alegre
Hugo Martins,(81) 91234-5566,1008,15:00,01:00,Recife,Manaus
Isabela Rocha,(91) 98765-7788,1009,16:00,02:00,Belém,Recife
João Mendes,(31) 99876-9900,1010,17:00,03:00,Manaus,Belém
